Adjectives,Nouns,Nouns_Plural,Gerund_Verbs,Verbs,Prepositions,Articles,Colors,Human_Names,adverb_place,adverb,good names
Cosmic,Overdrive,Vipers,Bleeding,Bleed,Of,A,Neon,Johnny,Asea,Loudly,The Pissquicks
Rusty,Thunder,Wombats,Screaming,Scream,In,An,Crimson,Roxie,Ashore,Violently,Le Pain
Velvet,Hell,Androids,Haunting,Haunt,To,The,Chrome,Lemmy,Adrift,Accidentally,Dogpile
Sonic,Empire,Phantoms,Blasting,Blast,For,Some,Amber,Ziggy,Aloft,Quietly,
Electric,Hazard,Lizards,Shivering,Shiver,With,Any,Electric,Ozzy,Awash,Heavily,
Radioactive,Reactor,Mutants,Raging,Rage,On,,Ultraviolet,Joey,Astern,Sweetly,
Blurred,Echo,Jerkoffs,Shredding,Shred,At,,Red,James,Abroad,Bitterly,
Forgetful,Venom,Jackals,Crashing,Crash,From,,Crimson,Mary,Alone,Wildly,
Froggy,Phantom,Wolves,Burning,Burn,By,,Orange,John,Afar,Fiercely,
Shy,Wraith,Foxes,Striking,Strike,About,,Amber,Patricia,Asunder,Ruthlessly,
Long-Range,Inferno,Bears,Smashing,Smash,As,,Yellow,Robert,Away,Blindy,
Milquetoast,Tempest,Eagles,Melting,Melt,Into,,Lime,Jennifer,Ahead,Cosmically,
Crazy,Rampage,Sharks,Jerking,Jerk,Through,,Green,Michael,Above,Digitally,
Dying,Oblivion,Dolphins,Jacking,Jack,During,,Emerald,Linda,Below,Anarchically,
Educated,Specter,Gorillas,Whacking,Whack,Before,,Teal,William,Within,Savagely,
Fantastic,Havoc,Cheetahs,Chopping,Chop,After,,Cyan,Barbara,Without,Grimly,
Greater-Than,Renegade,Cobras,Jumping,Jump,Above,,Sky Blue,David,Nearby,Radically,
Hollow,Vortex,Falcons,Slapping,Slap,Below,,Blue,Susan,Underground,Rapidly,
Ill,Carnage,Bisons,Mowing,Mow,Between,,Navy,Richard,Upstairs,Slowly,
Jerkoff,Exodus,Lynxes,Chowing,Chow,Under,,Indigo,Jessica,Downside,Endlessly,
Kind,Dominion,Otters,Plowing,Plow,Against,,Violet,Joseph,Inward,Eternally,
Lordly,Requiem,Ravens,Stinging,Sting,Without,,Purple,Sarah,Outward,Spookily,
Moronic,Asylum,Jaguars,Ripping,Rip,Within,,Magenta,Thomas,Nowhere,Morbidly,
Noopid,Nemesis,Cranes,Slamming,Slam,Along,,Pink,Karen,Everywhere,Gloriously,
Galactic,Cataclysm,Badgers,Crushing,Crush,Following,,Rose,Charles,Forever,Technically,
Astral,Paradox,Herons,Thrashing,Thras,Across,,Coral,Lisa,Aside,Absolutely,
Phantom,Revolver,Cougars,Clawing,Claw,Behind,,Peach,Christopher,Backward,Secretly,
Synthetic,Torment,Pythons,Piercing,Pierce,Beyond,,Lavender,Betty,Homebound,Publicly,
Analog,Vendetta,Stallions,Howling,Howl,Near,,Mint,Daniel,Skyward,Strangely,
Grim,Uprising,Hornets,Rumbling,Rumble,Over,,Olive,Dorothy,Sunward,Weirdly,
Greasy,Mayhem,Condors,Grinding,Grind,Since,,Brown,Matthew,,Perfectly,
Galvanized,Siege,Wolverines,Thundering,Thunder,Until,,Tan,Sandra,,Totally,
Gaelic,Vertigo,Mustangs,Stalking,Stalk,Toward,,Gold,Anthony,,Rarely,
Gross,Crucible,Marlins,Wrecking,Wreck,Upon,,Silver,Ashley,,Boldly,
Grippy,Axiom,Pelicans,Surging,Surge,Beside,,White,Mark,,Bravely,
Stellar,Warpath,Caracals,Pounding,Pound,Among,,Black,Emily,,Sharply,
Interstellar,Eclipse,Komodos,Charging,Charge,Outside,,Pearl,Donald,,Roughly,
Fractured,Avalanche,Crabs,Detonating,Detonate,Inside,,Mustard,Donna,,Smoothly,
Savage,Gallows,Lobsters,Ravaging,Ravage,Except,,Jet Black,Steven,,Gently,
Wicked,Purgatory,Suns,Tearing,Tear,Past,,Onyx,Michelle,,Sadly,
Ancient,Warlock,Planets,Splitting,Split,,,Opulescent,Paul,,Joyfully,
Volatile,Abyss,Planetoids,Igniting,Ignite,,,,Carol,,Dreadfully,
Forsaken,Shrapnel,Black Holes,Devouring,Devour,,,,Andrew,,Hauntingly,
Reckless,Tombstone,Renegades,Colliding,Collide,,,,Amanda,,Frantically,
Infinite,Reckoning,Rebels,Snapping,Snap,,,,Joshua,,Carelessly,
Molten,Tyrant,Outlaws,Roaring,Roar,,,,Melissa,,Instantly,
Spectral,Devastation,Pencils,Twisting,Twist,,,,Kenneth,,Constantly,
Primal,Mirage,Swords,Hammering,Hammer,,,,Deborah,,Magically,
Serene,Cipher,Logs,Scorching,Scorch,,,,Kevin,,Metallicly,
Hollow,Raven,Universe,Battering,Batter,,,,Stephanie,,Chaotically,
Luminous,Dagger,Recluse,Plunging,Plunge,,,,Brian,,Badly,
Shattered,Covenant,Kongs,Obliterating,Obliterate,,,,Rebecca,,Barely,
Turbulent,Oracle,Archers,Soothing,Soothe,,,,George,,Bitterly,
Ethereal,Threshold,Bugbears,Drifting,Drift,,,,Sharon,,Bleakly,
Relentless,Hollow,Manticores,Whispering,Whisper,,,,Timothy,,Blindly,
Cursed,Pilgrim,Gryphons,Glowing,Glow,,,,Laura,,Boldly,
One,Solace,Sleezebags,Floating,Float,,,,Peewee,,Bravely,
Two,Ember,Trees,Dreaming,Dream,,,,Alvin,,Briefly,
Three,Reverie,Goblins,Swaying,Sway,,,,Abe,,Brightly,
Four,Whisper,Orks,Humming,Hum,,,,Louis,,Coldly,
Five,Haven,Llamas,Fading,Fade,,,,Beef,,Darkly,
Six,Twilight,Aplacas,Wandering,Wander,,,,Alfy,,Deeply,
Seven,Lullaby,Hairdos,Shimmering,Shimmer,,,,Rico,,Dimly,
Eight,Drift,H'Orcs,Lingering,Linger,,,,Fritz,,Fiercely,
Nine,Elegy,Stonks,Flowing,Flow,,,,Wray,,Finely,
Ten,Specter,Criminals,Breathing,Breathe,,,,,,Freely,
Eleven,Remnant,Birds,Awakening,Awaken,,,,,,Grimly,
Twelve,Earthquake,Ranchers,Blossoming,Blossom,,,,,,Heavily,
Thirteen,Dobro,Scumballs,Yearning,Yearn,,,,,,Highly,
Fourteen,Ex-Lover,Lightnings,Gliding,Glide,,,,,,Lightly,
Fifteen,Brat,Lowlifes,Murmuring,Murmur,,,,,,Loudly,
Sixteen,Geek,Men,Glimmering,Glimmer,,,,,,Madly,
Seventeen,Dork,Gentlemen,Mending,Mend,,,,,,Proudly,
Eighteen,Dirt,Machinery,Resting,Rest,,,,,,Purely,
Nineteen,Scuzz,Beef,Healing,Heal,,,,,,Quietly,
Twenty,Screetch,Backbiters,Glittering,Glitter,,,,,,Sadly,
Twenty-One,Abacus,Johns,Longing,Long,,,,,,Sharply,
Winsome,Beef,Riffraff,Sighing,Sigh,,,,,,Slowly,
Seraphic,Bologna,Vermin,Blooming,Bloom,,,,,,Softly,
Luminous,Brimstone,Rabble,Cradling,Cradle,,,,,,Wildly,
Halcyon,Chainsaw,Algorithms,Softening,Soften,,,,,,,
Fetching,Chalupa,Amplifiers,Unfolding,Unfold,,,,,,,
Sonorous,Cletus-Prime,Artifacts,Monkeying,Kick,,,,,,,
Blithesome,Corncob,Asteroids,Loafing,Punch,,,,,,,
Bootless,Crank,Cultists,Wasting,,,,,,,,
Quaint,Danger,Cyborgs,Faltering,,,,,,,,
Lonesome,Dirt,Dreadnoughts,,,,,,,,,
Loathesome,Doorknob,Drifters,,,,,,,,,
Criminal,Espionage,Droids,,,,,,,,,
Mild,Flapjack,Exiles,,,,,,,,,
Lively,Gargoyle,Firewalls,,,,,,,,,
,Gristle,Freelancers,,,,,,,,,
,Hambone,Frequencies,,,,,,,,,
,Hatchet,Glitches,,,,,,,,,
,Hoax,Hackers,,,,,,,,,
,Jargon,Holograms,,,,,,,,,
,Laser,Mercenaries,,,,,,,,,
,Lumber,Modules,,,,,,,,,
,Macaroni,Monoliths,,,,,,,,,
,Megabyte,Mutineers,,,,,,,,,
,Mongoose,Nomads,,,,,,,,,
,Mud,Paladins,,,,,,,,,
,Mustard,Relics,,,,,,,,,
,Piston,Rogues,,,,,,,,,
,Plankton,Scavengers,,,,,,,,,
,Plywood,Servers,,,,,,,,,
,Porkchop,Sorcerers,,,,,,,,,
,Radish,Syndicates,,,,,,,,,
,Ransom,Synths,,,,,,,,,
,Riptide,Templars,,,,,,,,,
,Rocketship,Comets,,,,,,,,,
,Rooster,Constellations,,,,,,,,,
,Scarecrow,Cosmonauts,,,,,,,,,
,Slingshot,Exoplanets,,,,,,,,,
,Spatula,Galaxies,,,,,,,,,
,Sprocket,Megastructures,,,,,,,,,
,Squeegee,Meteorites,,,,,,,,,
,T-Bone,Orbiters,,,,,,,,,
,T-Rex,Pulsars,,,,,,,,,
,Toaster,Quasars,,,,,,,,,
,Tractor,Satellites,,,,,,,,,
,Trout,Singularities,,,,,,,,,
,Velociraptor,Starfighters,,,,,,,,,
,Waffle,Supernovas,,,,,,,,,
,Wrench,Wormholes,,,,,,,,,
,Airlock,UFOs,,,,,,,,,
,Antimatter,Fireflies,,,,,,,,,
,Astronaut,,,,,,,,,,
,Biosphere,,,,,,,,,,
,Centrifuge,,,,,,,,,,
,Continuum,,,,,,,,,,
,Cosmos,,,,,,,,,,
,Equinox,,,,,,,,,,
,Freighter,,,,,,,,,,
,Gravity,,,,,,,,,,
,Holodeck,,,,,,,,,,
,Hyperdrive,,,,,,,,,,
,Meteor,,,,,,,,,,
,Nadir,,,,,,,,,,
,Nebula,,,,,,,,,,
,Orbit,,,,,,,,,,
,Parallax,,,,,,,,,,
,Payload,,,,,,,,,,
,Propulsion,,,,,,,,,,
,Quadrant,,,,,,,,,,
,Rover,,,,,,,,,,
,Shuttle,,,,,,,,,,
,Spacedock,,,,,,,,,,
,Stargate,,,,,,,,,,
,Starship,,,,,,,,,,
,Tachyon,,,,,,,,,,
,Teleporter,,,,,,,,,,
,Thruster,,,,,,,,,,
,Vacuum,,,,,,,,,,
,Zenith,,,,,,,,,,