MFirst,FFirst,Middle,Surname,Suffix,StupidM,StupidF
Corey,Marisol,A,Ashford,Jr.,Abacus,Abcde
Stellan,Celeste,B,Beaumont,Sr.,Beef,Alimony
Caspian,Ingrid,C,Calloway,II,Bologna,Ampersand
Leandro,Vivienne,D,Davenport,III,Brimstone,Arugula
Emeric,Paloma,E,Ellsworth,,Chainsaw,Aspirin
Phineas,Isolde,F,Fairbanks,,Chalupa,Bling
Bastian,Serena,G,Gallagher,,Cletus-Prime,Brouhaha
Raffael,Margot,H,Hargrove,,Corncob,Casserole
Soren,Simone,I,Ingram,,Crank,Chandelier
Callum,Orla,J,Jasper,,Danger,Chardonnay
Idris,Beatrix,K,Kellerman,,Dirt,Chevy
Tavish,Saoirse,L,Langford,,Doorknob,Chiffon
Leif,Chiara,M,Merriweather,,Espionage,Clorox
Cormac,Elodie,N,Northwood,,Flapjack,Corduroy
Dashiell,Nadia,O,Ostrander,,Gargoyle,Corolla
Oleander,Tamsin,P,Pemberton,,Gristle,Diorama
Florian,Cleo,Q,Quinlan,,Hambone,Doily
Quillan,Vesper,R,Radcliffe,,Hatchet,Faucet
Evander,Astrid,S,Sandoval,,Hoax,Felony
Desmond,Imogen,T,Thatcher,,Jargon,Formica
Thaddeus,Petra,U,Underwood,,Laser,Gazebo
Alistair,Leonie,V,Valcourt,,Lumber,Harmonica
Lucian,Sylvie,W,Whitmore,,Macaroni,Hubcap
Brennan,Reverie,X,Yarborough,,Megabyte,Jacuzzi
Cyprian,Maren,Y,Zellweger,,Mongoose,Jeggings
Hendrix,Odette,Z,Aldridge,,Mud,Kevlar
Dorian,Thea,,Blackwood,,Mustard,Larceny
Rafferty,Zinnia,,Carmichael,,Piston,Lasagna
Sable,Corinne,,Delacroix,,Plankton,Lozenge
Emilian,Isadora,,Eddington,,Plywood,Macadamia
Barnaby,Astrid,,Falconer,,Porkchop,Mayonnaise
Luca,Brigitte,,Grenville,,Radish,Melancholy
Matteo,Catarina,,Hollingsworth,,Ransom,Microwave
Henrik,Dagmar,,Isherwood,,Riptide,Noodle
Søren,Elspeth,,Jesperson,,Rocketship,Omelet
Finn,Freya,,Kingsley,,Rooster,Panini
Bastian,Greta,,Larimore,,Scarecrow,Paprika
Tobias,Helene,,Maddox,,Slingshot,Pavement
Florian,Ingrid,,Nightingale,,Spatula,Pepsi
Andrei,Josefine,,Ogilvie,,Sprocket,Pumpernickel
Milos,Katja,,Prescott,,Squeegee,Quesadilla
Casimir,Liselotte,,Redmond,,T-Bone,Rotisserie
Enzo,Mirela,,Stanwick,,T-Rex,Rutabaga
Cormac,Nadège,,Thistlewood,,Toaster,Salami
Declan,Orsolya,,Upton,,Tractor,Skillet
Emile,Petra,,Vanbrough,,Trout,Taffeta
Gustav,Quirine,,Westbrook,,Velociraptor,Tapioca
Ivar,Ragnhild,,Adderley,,Waffle,Teflon
Jakub,Siobhan,,Beauchamp,,Wrench,Vaseline
Kofi,Tuulikki,,Colquhoun,,Zeppelin,Velveeta
Laurent,Ulrike,,Devereux,,Aydyghn,Tragedeigh
Nicola,Vendela,,Elderidge,,Braxxtyn,Ayshleigh
Oskar,Wiesława,,Faulkner,,Bryeign,Bryttneigh
Pavel,Xenia,,Goodfellow,,Daxxigh,Eighmy
Ragnar,Yelena,,Hartwell,,Jheighdyn,Jaxxyn
Stefan,Zofia,,Ingraham,,Jhoshuah,Khloweigh
Thierry,Anneliese,,Jameson,,Khaylyb,Kynzleigh
Uwe,Bríd,,Kensington,,Kholtyn,Lakynn
Viktor,Cécile,,Lockwood,,Mahvryck,Mackenzleigh
Wojciech,Dorota,,Marchetti,,Mykhaighl,Paightyn
Zoltan,Geneviève,,Johnson-Williams,,Rhydyr,Pstephaneigh
Fred,Chantal,,Martinez-Garcia,,Tighler,Rheighleigh
Jean-Luc,Véronique,,Thompson-Davis,,Xzavyre,Tyffaneigh
Étienne,Isabelle,,Anderson-Smith,,Do-nut,
Mathieu,Nathalie,,Robinson-Harris,,,
Benoît,Céline,,Jackson-Taylor,,,
Tremblay,Brigitte,,Mitchell-Brown,,,
Gilles,Monique,,Coleman-Wright,,,
Rémi,Dominique,,Henderson-Moore,,,
Sébastien,Amélie,,Patterson-Jones,,,
Patrice,Marigold,,Washington-Lewis,,,
Arnaud,Girly,,Campbell-Scott,,,
Abe,Ashton,,Richardson-King,,,
Scotty,Queen,,Murphy-Sullivan,,,
Dieter,Wilma,,Bennett-Cooper,,,
Tommy,Squid,,Griffin-Howard,,,
Rat,Daffney,,Fletcher-Barnes,,,
Zonk,Yessica,,Simmons-Parker,,,
Trevor,Jess,,Harrison-Reed,,,
Business,Amanda,,Morgan-Bailey,,,
Hutch,Amy,,Reyes,,,
Beats,Angela,,Morales,,,
Ray,Anna,,Gutierrez,,,
Alexander,Ashley,,Castillo,,,
Andrew,Barbara,,Herrera,,,
Anthony,Betty,,Mendoza,,,
Benjamin,Brenda,,Vargas,,,
Brandon,Carol,,Romero,,,
Brian,Carolyn,,Delgado,,,
Charles,Catherine,,Flores,,,
Christopher,Christine,,Navarro,,,
Daniel,Cynthia,,Espinoza,,,
David,Deborah,,Medina,,,
Dennis,Debra,,Guerrero,,,
Donald,Donna,,Sandoval,,,
Edward,Dorothy,,Aguilar,,,
Eric,Elizabeth,,Fuentes,,,
Frank,Emily,,Cervantes,,,
Gary,Emma,,Dominguez,,,
George,Heather,,Bautista,,,
Gregory,Helen,,O'Brien,,,
Jack,Janet,,MacDonald,,,
Jacob,Jennifer,,Martin,,,
James,Jessica,,Bernard,,,
Jason,Karen,,Dubois,,,
Jeffrey,Kathleen,,Lefevre,,,
Jerry,Katherine,,Moreau,,,
John,Kimberly,,Müller,,,
Jonathan,Laura,,Schmidt,,,
Joseph,Linda,,Fischer,,,
Joshua,Lisa,,Wagner,,,
Justin,Margaret,,Becker,,,
Kenneth,Maria,,Rossi,,,
Kevin,Mary,,Ferrari,,,
Larry,Melissa,,Esposito,,,
Mark,Michelle,,Ricci,,,
Matthew,Nancy,,Conti,,,
Michael,Nicole,,García,,,
Nicholas,Pamela,,López,,,
Patrick,Patricia,,Martínez,,,
Paul,Rachel,,Sánchez,,,
Raymond,Rebecca,,Torres,,,
Richard,Samantha,,Nowak,,,
Robert,Sandra,,Kovač,,,
Ronald,Sarah,,Novák,,,
Ryan,Sharon,,Popescu,,,
Samuel,Shirley,,Petrov,,,
Scott,Stephanie,,Rothenstein,,,
Stephen,Susan,,Marquardt,,,
Steven,Marge,,Tremblay,,,
Thomas,Abby,,Gagnon,,,
Timothy,Amy,,Roy,,,
William,Becky,,Côté,,,
Andy,Betty,,Bouchard,,,
Barry,Cindy,,Gauthier,,,
Billy,Daisy,,Morin,,,
Bobby,Emily,,Lavoie,,,
Cody,Holly,,Fortin,,,
Danny,Judy,,Gagné,,,
Gary,Kelly,,Stevens,,,
Harry,Lily,,Wilkshire,,,
Jerry,Lucy,,Renault,,,
Jimmy,Macy,,Cash,,,
Joey,Mary,,Melk,,,
Johnny,Molly,,Ash,,,
Larry,Nancy,,Sommers,,,
Mickey,Penny,,Po,,,
Randy,Ruby,,Zappa,,,
Ricky,Sally,,Abbott,,,
Terry,Wendy,,Abernathy,,,
Timmy,Anna-Marie,,Alcott,,,
Toby,Betty-Lou,,Appleton,,,
Tommy,Billie-Jean,,Archer,,,
Billy-Joe,Bobbi-Sue,,Arrington,,,
Billy-Ray,Jo-Ann,,Bancroft,,,
Bobby-Ray,Mary-Beth,,Barksdale,,,
Jim-Bob,Mary-Jane,,Barron,,,
Joe-Bob,Mary-Kate,,Bartholomew,,,
John-Boy,Peggy-Sue,,Blevins,,,
John-David,Sarah-Jane,,Bolton,,,
John-Paul,Beulah,,Bowers,,,
Ricky-Bobby,Clementine,,Braxton,,,
Tommy-Lee,Dixie,,Callahan,,,
Cletus,Elvira,,Cantrell,,,
Buford,Eula,,Carrington,,,
Clem,Henrietta,,Carver,,,
Elroy,Loretta,,Cassidy,,,
Homer,Luanne,,Chambers,,,
Jebediah,Myrtle,,Collier,,,
Jethro,Opal,,Compton,,,
Lester,Pearl,,Dalton,,,
Otis,Verna,,Daugherty,,,
Roscoe,,,Decker,,,
Rufus,,,Dixon,,,
Virgil,,,Donovan,,,
Wilbur,,,Dorsey,,,
,,,Doyle,,,
,,,Driscoll,,,
,,,Eastwood,,,
,,,Eaton,,,
,,,Edmonds,,,
,,,Elliott,,,
,,,Emerson,,,
,,,Estes,,,
,,,Everett,,,
,,,Ewing,,,
,,,Faraday,,,
,,,Farley,,,
,,,Farrell,,,
,,,Feldman,,,
,,,Finch,,,
,,,Finley,,,
,,,Fitzgerald,,,
,,,Flanagan,,,
,,,Foley,,,
,,,Gallo,,,
,,,Galloway,,,
,,,Garrison,,,
,,,Gentry,,,
,,,Gilmore,,,
,,,Goddard,,,
,,,Hale,,,
,,,Hammond,,,
,,,Hampton,,,
,,,Harding,,,
,,,Harrington,,,
,,,Hastings,,,
,,,Hawthorne,,,
,,,Hendrix,,,
,,,Hensley,,,
,,,Higgins,,,
,,,Holloway,,,
,,,Hooper,,,
,,,Hopkins,,,
,,,Houston,,,
,,,Hubbard,,,
,,,Hunter,,,
,,,Hurst,,,
,,,Hyde,,,
,,,Irvine,,,
,,,Irwin,,,
,,,Ives,,,
,,,Jefferson,,,
,,,Jenkins,,,
,,,Jennings,,,
,,,Kaiser,,,
,,,Kaufman,,,
,,,Kearney,,,
,,,Keegan,,,
,,,Kemp,,,
,,,Kendall,,,
,,,Lancaster,,,
,,,Landry,,,
,,,Larsen,,,
,,,Lawrence,,,
,,,Lawson,,,
,,,Mahoney,,,
,,,Malone,,,
,,,Manning,,,
,,,Marshall,,,
,,,Maxwell,,,
,,,Nash,,,
,,,Nelson,,,
,,,Neville,,,
,,,Newton,,,
,,,Nichols,,,
,,,Osborne,,,
,,,Owens,,,
,,,Palmer,,,
,,,Parsons,,,
,,,Quinn,,,
,,,Randall,,,
,,,Reeves,,,
,,,Sampson,,,
,,,Tanner,,,
,,,Tate,,,
,,,Vance,,,
,,,Vaughan,,,
,,,Wallace,,,
,,,Walsh,,,
,,,Yates,,,
,,,York,,,
,,,Zimmerman,,,
,,,Smithe,,,
,,,Jonson,,,
,,,Wylliams,,,
,,,Browne,,,
,,,Jonez,,,
,,,Garcia,,,
,,,Myller,,,
,,,Davies,,,
,,,Rodriguez,,,
,,,Martinez,,,
,,,Hernandoz,,,
,,,Lopes,,,
,,,Gonzalez,,,
,,,Willson,,,
,,,Andersen,,,
,,,Thommas,,,
,,,Tayler,,,
,,,Moure,,,
,,,Jaxson,,,
,,,Martyn,,,